{"cameraMode":{"drawMode":0,"name":"Shaded","section":"Shading Mode"},"sceneLighting":true,"audioPlay":false,"sceneViewState":{"m_AlwaysRefresh":false,"showFog":true,"showSkybox":true,"showFlares":true,"showImageEffects":true,"showParticleSystems":true,"showVisualEffectGraphs":true,"m_FxEnabled":true},"in2DMode":false,"pivot":{"x":-2.9025113582611086,"y":2.9348676204681398,"z":0.8412635326385498},"rotation":{"x":0.03779081255197525,"y":0.025789830833673478,"z":-0.0009678012575022876,"w":0.9990326762199402},"size":7.162291049957275,"orthographic":false}