{"cameraMode":{"drawMode":0,"name":"Shaded","section":"Shading Mode"},"sceneLighting":false,"audioPlay":false,"sceneViewState":{"m_AlwaysRefresh":false,"showFog":true,"showSkybox":true,"showFlares":true,"showImageEffects":true,"showParticleSystems":true,"showVisualEffectGraphs":true,"m_FxEnabled":true},"in2DMode":false,"pivot":{"x":0.7599999904632568,"y":1.809999942779541,"z":0.5400000214576721},"rotation":{"x":0.02954723872244358,"y":-0.967128336429596,"z":0.21464291214942933,"w":0.1331307291984558},"size":2.8170855045318605,"orthographic":false}